{"0": {"precision": 0.4894117647058824, "recall": 0.43333333333333335, "f1-score": 0.45966850828729283, "support": 960.0}, "1": {"precision": 0.5432409739714525, "recall": 0.5985198889916744, "f1-score": 0.5695422535211268, "support": 1081.0}, "accuracy": 0.5208231259186673, "macro avg": {"precision": 0.5163263693386675, "recall": 0.5159266111625038, "f1-score": 0.5146053809042098, "support": 2041.0}, "weighted avg": {"precision": 0.517921992641248, "recall": 0.5208231259186673, "f1-score": 0.5178622949594018, "support": 2041.0}}