{
    "fake": {
        "precision": 0.5519125683060109,
        "recall": 0.51010101010101,
        "f1-score": 0.5301837270341208,
        "support": 198.0
    },
    "real": {
        "precision": 0.5688888888888889,
        "recall": 0.6095238095238096,
        "f1-score": 0.5885057471264368,
        "support": 210.0
    },
    "accuracy": 0.5612745098039216,
    "macro avg": {
        "precision": 0.5604007285974499,
        "recall": 0.5598124098124098,
        "f1-score": 0.5593447370802788,
        "support": 408.0
    },
    "weighted avg": {
        "precision": 0.5606503803707275,
        "recall": 0.5612745098039216,
        "f1-score": 0.5602024138463422,
        "support": 408.0
    }
}