{
    "fake": {
        "precision": 0.9179487179487179,
        "recall": 0.9040404040404041,
        "f1-score": 0.910941475826972,
        "support": 198.0
    },
    "real": {
        "precision": 0.9107981220657277,
        "recall": 0.9238095238095239,
        "f1-score": 0.91725768321513,
        "support": 210.0
    },
    "accuracy": 0.9142156862745098,
    "macro avg": {
        "precision": 0.9143734200072229,
        "recall": 0.913924963924964,
        "f1-score": 0.914099579521051,
        "support": 408.0
    },
    "weighted avg": {
        "precision": 0.9142682641854142,
        "recall": 0.9142156862745098,
        "f1-score": 0.914192464923818,
        "support": 408.0
    }
}