{
    "fake": {
        "precision": 0.520618556701031,
        "recall": 0.5489130434782609,
        "f1-score": 0.5343915343915344,
        "support": 184.0
    },
    "real": {
        "precision": 0.6121495327102804,
        "recall": 0.5848214285714286,
        "f1-score": 0.5981735159817352,
        "support": 224.0
    },
    "accuracy": 0.5686274509803921,
    "macro avg": {
        "precision": 0.5663840447056556,
        "recall": 0.5668672360248448,
        "f1-score": 0.5662825251866348,
        "support": 408.0
    },
    "weighted avg": {
        "precision": 0.5708708572551286,
        "recall": 0.5686274509803921,
        "f1-score": 0.5694090929116447,
        "support": 408.0
    }
}